episode,total_reward
1,-1317.1344554498792
2,-1495.940832182765
3,-1506.167463004589
4,-1505.0488492399454
5,-1505.8817396908998
6,-1502.7654974982142
7,-1495.3215035274625
