episode,total_reward
1,-1477.3866473436356
2,-1495.5251569971442
3,-1484.279629908502
4,-1484.744530417025
5,-1484.571166947484
6,-1485.1300249248743
7,-1485.8594941943884
