episode,total_reward
1,-1486.2228065133095
2,-1436.1582537963986
