episode,total_reward
1,-1263.1857605278492
2,-956.7918292880058
3,-562.5457732379436
4,-797.1019429415464
5,-1256.4807613641024
6,-1130.6562231779099
7,-1075.9028724730015
