episode,total_reward
1,-1495.9725157618523
2,-1505.9015724658966
3,-1505.014204800129
4,-1504.0147274956107
