episode,total_reward
1,-1486.7147935181856
2,-1504.9083471298218
3,-1505.60669259727
4,-1503.4828404709697
5,-1505.7410181462765
